{
    "installsFound": [
        {
            "_profile": "modded",
            "name": "Satisfactory Experimental (Epic Games)",
            "version": "131382",
            "branch": "Test",
            "installLocation": "C:\\Games\\SatisfactoryExperimental",
            "launchPath": "com.epicgames.launcher://apps/CrabTest?action=launch&silent=true"
        }
    ],
    "selectedInstall": {
        "_profile": "modded",
        "name": "Satisfactory Experimental (Epic Games)",
        "version": "131382",
        "branch": "Test",
        "installLocation": "C:\\Games\\SatisfactoryExperimental",
        "launchPath": "com.epicgames.launcher://apps/CrabTest?action=launch&silent=true"
    },
    "profiles": [
        {
            "name": "development",
            "items": [
                {
                    "id": "SML"
                }
            ]
        },
        {
            "name": "modded",
            "items": [
                {
                    "id": "ResourceNodeCreator"
                },
                {
                    "id": "MoreMilestones"
                },
                {
                    "id": "SmallStorage"
                },
                {
                    "id": "EfficiencyCheckerMod"
                },
                {
                    "id": "Dispenser"
                },
                {
                    "id": "FicsItNetworks"
                },
                {
                    "id": "AB_FluidExtras"
                },
                {
                    "id": "MicroManage"
                },
                {
                    "id": "PowerSuit"
                },
                {
                    "id": "ArmorModules"
                },
                {
                    "id": "ProgrammableElevatorMod"
                },
                {
                    "id": "StorageTeleporter"
                },
                {
                    "id": "CompactMachinery"
                },
                {
                    "id": "PowerSuit_NogsDefaultModules"
                },
                {
                    "id": "RefinedPower"
                },
                {
                    "id": "Qres"
                },
                {
                    "id": "x3_roads"
                },
                {
                    "id": "Teleporter"
                },
                {
                    "id": "MK22k20"
                },
                {
                    "id": "nofalldamage"
                },
                {
                    "id": "IconPanelSign"
                },
                {
                    "id": "SafeTWalkways"
                },
                {
                    "id": "NewUra"
                },
                {
                    "id": "Calculator"
                },
                {
                    "id": "ConfigurableStart"
                },
                {
                    "id": "Hopper"
                },
                {
                    "id": "BetterAlu"
                },
                {
                    "id": "Ficsit_Firearms"
                },
                {
                    "id": "HyperBoosters"
                },
                {
                    "id": "FoundationIndustries"
                },
                {
                    "id": "InstantMachines"
                },
                {
                    "id": "UnlockAllAlternateRecipes"
                },
                {
                    "id": "GridRuler"
                },
                {
                    "id": "FloorHole"
                },
                {
                    "id": "SpaceMarket"
                },
                {
                    "id": "InvisibleManta"
                },
                {
                    "id": "DoubleCargoWagon"
                },
                {
                    "id": "UpsideDownFoundations"
                },
                {
                    "id": "TenTimesAwesomePoints"
                },
                {
                    "id": "RampedFences"
                },
                {
                    "id": "UnderPressure"
                },
                {
                    "id": "WallConveyors"
                },
                {
                    "id": "bladerunner"
                },
                {
                    "id": "GeneratorsMorePipes"
                },
                {
                    "id": "CheatBuildings"
                },
                {
                    "id": "SplitMerge"
                },
                {
                    "id": "LightItUp"
                },
                {
                    "id": "FluidPackagerModTeknein"
                },
                {
                    "id": "MoarFactory"
                },
                {
                    "id": "GrenadesMod"
                },
                {
                    "id": "TurboPump"
                },
                {
                    "id": "MiniMap"
                },
                {
                    "id": "PuriFoundryMod"
                },
                {
                    "id": "MoreHandSlotsMod"
                },
                {
                    "id": "EasierConsoleCommands"
                },
                {
                    "id": "CheapTrains"
                },
                {
                    "id": "MirroredBuildings"
                },
                {
                    "id": "BigStorageTank"
                },
                {
                    "id": "CheapPowerShard"
                },
                {
                    "id": "FluidSink"
                },
                {
                    "id": "WallHoleConveyor"
                },
                {
                    "id": "fundations"
                },
                {
                    "id": "InfiniteLogistics"
                },
                {
                    "id": "SatelliteLink"
                },
                {
                    "id": "MyceliaCultivation"
                },
                {
                    "id": "Decoration"
                },
                {
                    "id": "GhostConstruction"
                },
                {
                    "id": "WirelessPower"
                },
                {
                    "id": "FLAGGONCountries"
                },
                {
                    "id": "FLAGGONFICSIT"
                },
                {
                    "id": "CoveredConveyor"
                },
                {
                    "id": "jetpack"
                },
                {
                    "id": "MultiSplitterAndMerger"
                },
                {
                    "id": "AlreadyPaintedWalls"
                },
                {
                    "id": "MoreFences"
                },
                {
                    "id": "ExoSuitMod"
                },
                {
                    "id": "PaintGunMK2"
                },
                {
                    "id": "AdvancedLogistics"
                },
                {
                    "id": "SlowItdown"
                },
                {
                    "id": "WFurniture"
                },
                {
                    "id": "HalfVolumeFluids"
                },
                {
                    "id": "NoEmptyCanister"
                },
                {
                    "id": "UtilityMod"
                },
                {
                    "id": "Letters"
                },
                {
                    "id": "UltraFastManufacturer"
                },
                {
                    "id": "SlopedWalls"
                },
                {
                    "id": "CheapSmartSplitter"
                },
                {
                    "id": "EBmtX1itvNsyDb"
                },
                {
                    "id": "ExtendableWalkway"
                },
                {
                    "id": "AZoTUb22TB7a1C"
                },
                {
                    "id": "ByQfic8tg9ZS6"
                },
                {
                    "id": "Miner_Mk4"
                },
                {
                    "id": "BigWalls"
                },
                {
                    "id": "InventorySpace"
                },
                {
                    "id": "FastCraftBench"
                },
                {
                    "id": "EasyRefinery"
                },
                {
                    "id": "F1osm4KEz7KvDT"
                },
                {
                    "id": "BigStatues"
                },
                {
                    "id": "HugeStorage"
                },
                {
                    "id": "AreaActions"
                },
                {
                    "id": "SyntheticPaint"
                },
                {
                    "id": "2whiD5ttDW66Cs"
                },
                {
                    "id": "Conveyors_Mod"
                },
                {
                    "id": "79pnoNBX91vpGK"
                },
                {
                    "id": "QuickStart"
                },
                {
                    "id": "FLAGGONCustom"
                },
                {
                    "id": "EfficientResources"
                },
                {
                    "id": "BoxedUranium"
                },
                {
                    "id": "Packing"
                },
                {
                    "id": "PermaDay"
                },
                {
                    "id": "Passivemode"
                }
            ]
        },
        {
            "name": "vanilla",
            "items": []
        }
    ],
    "selectedProfile": {
        "name": "modded",
        "items": [
            {
                "id": "ResourceNodeCreator"
            },
            {
                "id": "MoreMilestones"
            },
            {
                "id": "SmallStorage"
            },
            {
                "id": "EfficiencyCheckerMod"
            },
            {
                "id": "Dispenser"
            },
            {
                "id": "FicsItNetworks"
            },
            {
                "id": "AB_FluidExtras"
            },
            {
                "id": "MicroManage"
            },
            {
                "id": "PowerSuit"
            },
            {
                "id": "ArmorModules"
            },
            {
                "id": "ProgrammableElevatorMod"
            },
            {
                "id": "StorageTeleporter"
            },
            {
                "id": "CompactMachinery"
            },
            {
                "id": "PowerSuit_NogsDefaultModules"
            },
            {
                "id": "RefinedPower"
            },
            {
                "id": "Qres"
            },
            {
                "id": "x3_roads"
            },
            {
                "id": "Teleporter"
            },
            {
                "id": "MK22k20"
            },
            {
                "id": "nofalldamage"
            },
            {
                "id": "IconPanelSign"
            },
            {
                "id": "SafeTWalkways"
            },
            {
                "id": "NewUra"
            },
            {
                "id": "Calculator"
            },
            {
                "id": "ConfigurableStart"
            },
            {
                "id": "Hopper"
            },
            {
                "id": "BetterAlu"
            },
            {
                "id": "Ficsit_Firearms"
            },
            {
                "id": "HyperBoosters"
            },
            {
                "id": "FoundationIndustries"
            },
            {
                "id": "InstantMachines"
            },
            {
                "id": "UnlockAllAlternateRecipes"
            },
            {
                "id": "GridRuler"
            },
            {
                "id": "FloorHole"
            },
            {
                "id": "SpaceMarket"
            },
            {
                "id": "InvisibleManta"
            },
            {
                "id": "DoubleCargoWagon"
            },
            {
                "id": "UpsideDownFoundations"
            },
            {
                "id": "TenTimesAwesomePoints"
            },
            {
                "id": "RampedFences"
            },
            {
                "id": "UnderPressure"
            },
            {
                "id": "WallConveyors"
            },
            {
                "id": "bladerunner"
            },
            {
                "id": "GeneratorsMorePipes"
            },
            {
                "id": "CheatBuildings"
            },
            {
                "id": "SplitMerge"
            },
            {
                "id": "LightItUp"
            },
            {
                "id": "FluidPackagerModTeknein"
            },
            {
                "id": "MoarFactory"
            },
            {
                "id": "GrenadesMod"
            },
            {
                "id": "TurboPump"
            },
            {
                "id": "MiniMap"
            },
            {
                "id": "PuriFoundryMod"
            },
            {
                "id": "MoreHandSlotsMod"
            },
            {
                "id": "EasierConsoleCommands"
            },
            {
                "id": "CheapTrains"
            },
            {
                "id": "MirroredBuildings"
            },
            {
                "id": "BigStorageTank"
            },
            {
                "id": "CheapPowerShard"
            },
            {
                "id": "FluidSink"
            },
            {
                "id": "WallHoleConveyor"
            },
            {
                "id": "fundations"
            },
            {
                "id": "InfiniteLogistics"
            },
            {
                "id": "SatelliteLink"
            },
            {
                "id": "MyceliaCultivation"
            },
            {
                "id": "Decoration"
            },
            {
                "id": "GhostConstruction"
            },
            {
                "id": "WirelessPower"
            },
            {
                "id": "FLAGGONCountries"
            },
            {
                "id": "FLAGGONFICSIT"
            },
            {
                "id": "CoveredConveyor"
            },
            {
                "id": "jetpack"
            },
            {
                "id": "MultiSplitterAndMerger"
            },
            {
                "id": "AlreadyPaintedWalls"
            },
            {
                "id": "MoreFences"
            },
            {
                "id": "ExoSuitMod"
            },
            {
                "id": "PaintGunMK2"
            },
            {
                "id": "AdvancedLogistics"
            },
            {
                "id": "SlowItdown"
            },
            {
                "id": "WFurniture"
            },
            {
                "id": "HalfVolumeFluids"
            },
            {
                "id": "NoEmptyCanister"
            },
            {
                "id": "UtilityMod"
            },
            {
                "id": "Letters"
            },
            {
                "id": "UltraFastManufacturer"
            },
            {
                "id": "SlopedWalls"
            },
            {
                "id": "CheapSmartSplitter"
            },
            {
                "id": "EBmtX1itvNsyDb"
            },
            {
                "id": "ExtendableWalkway"
            },
            {
                "id": "AZoTUb22TB7a1C"
            },
            {
                "id": "ByQfic8tg9ZS6"
            },
            {
                "id": "Miner_Mk4"
            },
            {
                "id": "BigWalls"
            },
            {
                "id": "InventorySpace"
            },
            {
                "id": "FastCraftBench"
            },
            {
                "id": "EasyRefinery"
            },
            {
                "id": "F1osm4KEz7KvDT"
            },
            {
                "id": "BigStatues"
            },
            {
                "id": "HugeStorage"
            },
            {
                "id": "AreaActions"
            },
            {
                "id": "SyntheticPaint"
            },
            {
                "id": "2whiD5ttDW66Cs"
            },
            {
                "id": "Conveyors_Mod"
            },
            {
                "id": "79pnoNBX91vpGK"
            },
            {
                "id": "QuickStart"
            },
            {
                "id": "FLAGGONCustom"
            },
            {
                "id": "EfficientResources"
            },
            {
                "id": "BoxedUranium"
            },
            {
                "id": "Packing"
            },
            {
                "id": "PermaDay"
            },
            {
                "id": "Passivemode"
            }
        ]
    },
    "installedMods": {
        "MoreMilestones_2": "0.0.3",
        "SmallStorage": "1.0.0",
        "Dispenser": "2.2.1",
        "avMallLib": "1.2.0",
        "FicsItNetworks": "0.0.10",
        "AB_FluidExtras": "0.2.1",
        "MicroManage": "0.9.4",
        "PowerSuit": "0.3.1",
        "ArmorModules": "1.1.0",
        "ProgrammableElevatorMod": "3.1.0",
        "StorageTeleporter": "0.1.17",
        "CompactMachinery": "0.0.1",
        "PowerSuit_NogsDefaultModules": "0.3.0",
        "RefinedPower": "2.1.7",
        "RefinedPowerAssets1": "1.0.2",
        "RefinedPowerAssets2": "1.0.2",
        "Qres": "2.9.1",
        "StackOverload": "1.1.3",
        "x3_roads": "1.1.4",
        "Teleporter": "0.4.0",
        "MK22k20": "0.4.8",
        "nofalldamage": "0.0.6",
        "IconPanelSign": "0.2.6",
        "SafeTWalkways": "1.0.1",
        "NewUra": "1.0.0",
        "Calculator": "0.0.9",
        "ConfigurableStart": "0.1.1",
        "Hopper": "2.0.0",
        "BetterAlu": "1.0.0",
        "Ficsit_Firearms": "1.1.1",
        "HyperBoosters": "1.2.0",
        "FoundationIndustries": "1.0.6",
        "InstantMachines": "0.1.1",
        "UnlockAllAlternateRecipes": "0.1.0",
        "GridRuler": "0.1.0",
        "FloorHole": "0.2.0",
        "SpaceMarket": "0.1.0",
        "InvisibleManta": "0.1.0",
        "DoubleCargoWagon": "0.1.0",
        "UpsideDownFoundations": "0.2.3",
        "TenTimesAwesomePoints": "0.1.0",
        "RampedFences": "1.1.3",
        "UnderPressure": "1.0.0",
        "WallConveyors": "1.0.2",
        "bladerunner": "0.0.3",
        "GeneratorsMorePipes": "0.2.0",
        "CheatBuildings": "1.0.0",
        "SplitMerge": "0.0.2",
        "LightItUp": "0.5.8",
        "FluidPackagerModTeknein": "0.2.2",
        "MoarFactory": "1.1.6",
        "MoarDevice": "1.0.2",
        "MoarAssets": "1.0.3",
        "GrenadesMod": "1.1.1",
        "TurboPump": "0.0.3",
        "MiniMap": "1.0.5",
        "PuriFoundryMod": "0.0.1",
        "MoreHandSlotsMod": "0.1.0",
        "EasierConsoleCommands": "0.0.1",
        "CheapTrains": "0.2.1",
        "MirroredBuildings": "0.0.3",
        "BigStorageTank": "0.2.1",
        "CheapPowerShard": "0.1.0",
        "FluidSink": "0.1.1",
        "WallHoleConveyor": "0.0.2",
        "fundations": "0.0.2",
        "InfiniteLogistics": "1.0.1",
        "SatelliteLink": "0.0.1",
        "MyceliaCultivation": "1.2.0",
        "Decoration": "0.0.5",
        "GhostConstruction": "0.1.1",
        "FLAGSMod": "2.0.5",
        "WirelessPower": "0.0.4",
        "FLAGGONCountries": "0.2.5",
        "FLAGGONFICSIT": "0.1.5",
        "CoveredConveyor": "0.1.1",
        "jetpack": "0.0.1",
        "MultiSplitterAndMerger": "0.1.0",
        "AlreadyPaintedWalls": "0.1.0",
        "MoreFences": "1.0.0",
        "ExoSuitMod": "0.0.10",
        "PaintGunMK2": "0.0.1",
        "AdvancedLogistics": "0.3.1",
        "SlowItdown": "1.3.5",
        "WFurniture": "0.2.0",
        "HalfVolumeFluids": "0.0.3",
        "NoEmptyCanister": "0.0.1",
        "UtilityMod": "0.4.0",
        "Letters": "0.0.4",
        "UltraFastManufacturer": "0.0.3",
        "SlopedWalls": "1.0.0",
        "CheapSmartSplitter": "0.0.1",
        "EBmtX1itvNsyDb": "1.0.2",
        "ExtendableWalkway": "0.0.1",
        "AZoTUb22TB7a1C": "0.0.3",
        "ByQfic8tg9ZS6": "0.2.1",
        "Miner_Mk4": "0.0.4",
        "BigWalls": "0.0.1",
        "InventorySpace": "0.0.1",
        "FastCraftBench": "0.0.1",
        "EasyRefinery": "0.0.2",
        "F1osm4KEz7KvDT": "1.0.0",
        "BigStatues": "0.0.1",
        "HugeStorage": "0.1.2",
        "AreaActions": "1.6.4",
        "SyntheticPaint": "1.0.1",
        "2whiD5ttDW66Cs": "1.0.1",
        "Conveyors_Mod": "1.3.2",
        "79pnoNBX91vpGK": "0.9.4",
        "QuickStart": "0.0.2",
        "ConstructionKits": "0.1.1",
        "FLAGGONCustom": "0.0.2",
        "EfficientResources": "0.1.3",
        "BoxedUranium": "0.0.2",
        "ResourceNodeCreator": "0.0.2",
        "Packing": "0.1.1",
        "PermaDay": "0.1.2",
        "MoreMilestones": "0.4.9",
        "MoreComplementMilestones": "0.1.1",
        "EfficiencyCheckerMod": "0.4.0",
        "Passivemode": "0.2.4"
    },
    "smlVersion": "2.2.1",
    "bootstrapperVersion": "2.0.11",
    "smmVersion": "2.1.2"
}